"TimeGenerated [UTC]",Source,Activity,IPAddress
"2/25/2026, 9:54:24.731 PM",SigninLogs,"50074 - One Outlook Web","205.147.16.190"
"2/25/2026, 9:54:55.422 PM",SigninLogs,"50140 - One Outlook Web","205.147.16.190"
"2/25/2026, 9:55:15.212 PM",SigninLogs,"50140 - One Outlook Web","205.147.16.190"
"2/25/2026, 9:56:24.000 PM",CloudAppEvents,"MailItemsAccessed - Microsoft Exchange Online","205.147.16.190"
"2/25/2026, 9:57:53.000 PM",CloudAppEvents,"MailItemsAccessed - Microsoft Exchange Online","205.147.16.190"
"2/25/2026, 9:59:52.798 PM",SigninLogs,"0 - One Outlook Web","205.147.16.190"
"2/25/2026, 10:00:24.901 PM",SigninLogs,"0 - One Outlook Web","205.147.16.190"
"2/25/2026, 10:01:11.677 PM",SigninLogs,"0 - One Outlook Web","205.147.16.190"
"2/25/2026, 10:02:33.000 PM",CloudAppEvents,"New-InboxRule [.] - Microsoft Exchange Online","205.147.16.190"
"2/25/2026, 10:03:59.000 PM",CloudAppEvents,"New-InboxRule [suspicious, security, phishing, unusual, compromised, verify] - Microsoft Exchange Online","205.147.16.190"
"2/25/2026, 10:04:34.000 PM",CloudAppEvents,"MailItemsAccessed - Microsoft Exchange Online","205.147.16.190"
"2/25/2026, 10:04:34.000 PM",CloudAppEvents,"Create - Microsoft Exchange Online","205.147.16.190"
"2/25/2026, 10:06:34.000 PM",CloudAppEvents,"Send - Microsoft Exchange Online","205.147.16.190"
"2/25/2026, 10:06:39.000 PM",EmailEvents,"Email to j.reynolds@lognpacific.org - RE: Invoice #INV-2026-0892 - Updated Banking Details","205.147.16.190"
"2/25/2026, 10:07:16.000 PM",CloudAppEvents,"SignInEvent - Microsoft SharePoint Online","205.147.16.190"
"2/25/2026, 10:07:16.000 PM",CloudAppEvents,"FileAccessed - Microsoft OneDrive for Business","205.147.16.190"
"2/25/2026, 10:07:18.000 PM",CloudAppEvents,"ListCreated - Microsoft OneDrive for Business","205.147.16.190"
"2/25/2026, 10:07:18.000 PM",CloudAppEvents,"ListColumnCreated - Microsoft OneDrive for Business","205.147.16.190"
"2/25/2026, 10:07:18.000 PM",CloudAppEvents,"Broke sharing inheritance - Microsoft OneDrive for Business","205.147.16.190"
"2/25/2026, 10:07:18.000 PM",CloudAppEvents,"ListColumnCreated - Microsoft OneDrive for Business","205.147.16.190"
"2/25/2026, 10:07:18.000 PM",CloudAppEvents,"ListColumnCreated - Microsoft OneDrive for Business","205.147.16.190"
"2/25/2026, 10:07:18.000 PM",CloudAppEvents,"ListColumnCreated - Microsoft OneDrive for Business","205.147.16.190"
"2/25/2026, 10:07:18.000 PM",CloudAppEvents,"ListColumnCreated - Microsoft OneDrive for Business","205.147.16.190"
"2/25/2026, 10:07:19.000 PM",CloudAppEvents,"ListColumnCreated - Microsoft OneDrive for Business","205.147.16.190"
"2/25/2026, 10:07:19.000 PM",CloudAppEvents,"ListColumnCreated - Microsoft OneDrive for Business","205.147.16.190"
"2/25/2026, 10:07:19.000 PM",CloudAppEvents,"ListColumnCreated - Microsoft OneDrive for Business","205.147.16.190"
"2/25/2026, 10:07:19.000 PM",CloudAppEvents,"ListColumnCreated - Microsoft OneDrive for Business","205.147.16.190"
"2/25/2026, 10:07:19.000 PM",CloudAppEvents,"ListColumnCreated - Microsoft OneDrive for Business","205.147.16.190"
"2/25/2026, 10:07:19.000 PM",CloudAppEvents,"ListColumnCreated - Microsoft OneDrive for Business","205.147.16.190"
"2/25/2026, 10:07:19.000 PM",CloudAppEvents,"ListColumnCreated - Microsoft OneDrive for Business","205.147.16.190"
"2/25/2026, 10:07:19.000 PM",CloudAppEvents,"ListColumnCreated - Microsoft OneDrive for Business","205.147.16.190"
"2/25/2026, 10:07:19.000 PM",CloudAppEvents,"ListColumnCreated - Microsoft OneDrive for Business","205.147.16.190"
"2/25/2026, 10:07:19.000 PM",CloudAppEvents,"ListColumnCreated - Microsoft OneDrive for Business","205.147.16.190"
"2/25/2026, 10:07:19.000 PM",CloudAppEvents,"ListColumnCreated - Microsoft OneDrive for Business","205.147.16.190"
"2/25/2026, 10:07:19.000 PM",CloudAppEvents,"ListColumnCreated - Microsoft OneDrive for Business","205.147.16.190"
"2/25/2026, 10:07:19.000 PM",CloudAppEvents,"ListColumnCreated - Microsoft OneDrive for Business","205.147.16.190"
"2/25/2026, 10:07:20.000 PM",CloudAppEvents,"ListCreated - Microsoft OneDrive for Business","205.147.16.190"
"2/25/2026, 10:07:21.000 PM",CloudAppEvents,"Broke sharing inheritance - Microsoft OneDrive for Business","205.147.16.190"
"2/25/2026, 10:07:23.000 PM",CloudAppEvents,"ListViewed - Microsoft OneDrive for Business","205.147.16.190"
"2/25/2026, 10:07:40.000 PM",CloudAppEvents,"SignInEvent - Microsoft SharePoint Online","205.147.16.190"
"2/25/2026, 10:07:42.000 PM",CloudAppEvents,"ListCreated - Microsoft OneDrive for Business","205.147.16.190"
"2/25/2026, 10:07:42.000 PM",CloudAppEvents,"Broke sharing inheritance - Microsoft OneDrive for Business","205.147.16.190"
"2/25/2026, 10:07:46.000 PM",CloudAppEvents,"PageViewed - Microsoft SharePoint Online","205.147.16.190"
"2/25/2026, 10:07:47.000 PM",CloudAppEvents,"PageViewed - Microsoft SharePoint Online","205.147.16.190"
"2/25/2026, 10:09:17.036 PM",SigninLogs,"0 - Office 365 SharePoint Online","205.147.16.190"
"2/25/2026, 10:09:47.291 PM",SigninLogs,"0 - Office 365 SharePoint Online","205.147.16.190"
"2/25/2026, 10:09:56.152 PM",SigninLogs,"0 - SharePoint Online Web Client Extensibility","205.147.16.190"
"2/25/2026, 10:10:10.000 PM",CloudAppEvents,"PageViewed - Microsoft OneDrive for Business","205.147.16.190"
"2/25/2026, 10:10:33.309 PM",SigninLogs,"0 - OfficeHome","205.147.16.190"
"2/25/2026, 10:12:35.531 PM",SigninLogs,"0 - One Outlook Web","205.147.16.190"
"2/25/2026, 10:23:55.450 PM",SigninLogs,"0 - One Outlook Web","205.147.16.190"
"2/25/2026, 10:24:29.295 PM",SigninLogs,"0 - One Outlook Web","205.147.16.190"
"2/25/2026, 10:24:29.295 PM",SigninLogs,"0 - One Outlook Web","205.147.16.190"
"2/25/2026, 10:24:29.295 PM",SigninLogs,"0 - One Outlook Web","205.147.16.190"
"2/25/2026, 10:24:29.295 PM",SigninLogs,"0 - One Outlook Web","205.147.16.190"
"2/25/2026, 10:24:29.295 PM",SigninLogs,"0 - One Outlook Web","205.147.16.190"
"2/25/2026, 10:24:32.869 PM",SigninLogs,"50074 - One Outlook Web","205.147.16.190"
"2/25/2026, 10:25:18.153 PM",SigninLogs,"50140 - One Outlook Web","205.147.16.190"
"2/25/2026, 10:25:36.876 PM",SigninLogs,"50140 - One Outlook Web","205.147.16.190"
"2/25/2026, 10:25:37.819 PM",SigninLogs,"0 - One Outlook Web","205.147.16.190"
"2/25/2026, 10:25:39.568 PM",SigninLogs,"0 - One Outlook Web","205.147.16.190"
"2/25/2026, 10:26:52.276 PM",SigninLogs,"0 - One Outlook Web","205.147.16.190"
"2/25/2026, 10:28:12.013 PM",SigninLogs,"0 - One Outlook Web","205.147.16.190"
"2/25/2026, 10:28:32.616 PM",SigninLogs,"0 - One Outlook Web","205.147.16.190"
"2/25/2026, 10:30:16.320 PM",SigninLogs,"0 - One Outlook Web","205.147.16.190"
"2/25/2026, 10:30:27.074 PM",SigninLogs,"0 - One Outlook Web","205.147.16.190"
"2/25/2026, 10:30:28.436 PM",SigninLogs,"0 - One Outlook Web","205.147.16.190"
"2/25/2026, 10:30:51.972 PM",SigninLogs,"0 - One Outlook Web","205.147.16.190"
"2/25/2026, 10:31:19.668 PM",SigninLogs,"0 - One Outlook Web","205.147.16.190"
"2/25/2026, 10:31:19.668 PM",SigninLogs,"0 - One Outlook Web","205.147.16.190"
"2/25/2026, 10:31:19.668 PM",SigninLogs,"0 - One Outlook Web","205.147.16.190"
"2/25/2026, 10:31:19.668 PM",SigninLogs,"0 - One Outlook Web","205.147.16.190"
"2/25/2026, 10:31:19.668 PM",SigninLogs,"0 - One Outlook Web","205.147.16.190"
